smiles,ee
c1cc2c(c3c1op(oc1c3c3ccccc3cc1)OC)cccc2.C=C(CC(=O)OC)C(=O)OC.ClCCl,89.2
c1cc2c(c3c1op(oc1c3c3ccccc3cc1)OC(C)C)cccc2.C=C(CC(=O)OC)C(=O)OC.ClCCl,97.6
c1cc2c(c3c1op(oc1c3c3ccccc3cc1)Oc1ccccc1)cccc2.C=C(CC(=O)OC)C(=O)OC.ClCCl,96.6
c1cc2c(c3c1op(oc1c3c3ccccc3cc1)Oc1ccccc1Br)cccc2.C=C(CC(=O)OC)C(=O)OC.ClCCl,89.8
c1cc2c(c3c1op(oc1c3c3ccccc3cc1)O[C@H](c1ccccc1)C)cccc2.C=C(CC(=O)OC)C(=O)OC.ClCCl,99.2
c1cc2c(c3c1op(oc1c3c3ccccc3cc1)O[C@@H](c1ccccc1)C)cccc2.C=C(CC(=O)OC)C(=O)OC.ClCCl,98.2
c1cc2c(c3c1op(oc1c3c3ccccc3cc1)OC)cccc2.C=C(NC(=O)C)C(=O)OC.ClCCl,72.8
c1cc2c(c3c1op(oc1c3c3ccccc3cc1)OC(C)C)cccc2.C=C(NC(=O)C)C(=O)OC.ClCCl,94.8
c1cc2c(c3c1op(oc1c3c3ccccc3cc1)Oc1ccccc1)cccc2.C=C(NC(=O)C)C(=O)OC.ClCCl,80.6
c1cc2c(c3c1op(oc1c3c3ccccc3cc1)Oc1ccccc1Br)cccc2.C=C(NC(=O)C)C(=O)OC.ClCCl,70
c1cc2c(c3c1op(oc1c3c3ccccc3cc1)O[C@H](c1ccccc1)C)cccc2.C=C(NC(=O)C)C(=O)OC.ClCCl,95.5
c1cc2c(c3c1op(oc1c3c3ccccc3cc1)O[C@@H](c1ccccc1)C)cccc2.C=C(NC(=O)C)C(=O)OC.ClCCl,93.3
c1cc2c(c3c1op(oc1c3c3ccccc3cc1)OC)cccc2.C(=C)(c1ccccc1)NC(=O)C.ClCCl,76
c1cc2c(c3c1op(oc1c3c3ccccc3cc1)OC(C)C)cccc2.C(=C)(c1ccccc1)NC(=O)C.ClCCl,89.4
c1cc2c(c3c1op(oc1c3c3ccccc3cc1)OC1CCCC1)cccc2.C(=C)(c1ccccc1)NC(=O)C.ClCCl,93.7
c1cc2c(c3c1op(oc1c3c3ccccc3cc1)OCc1ccccc1)cccc2.C(=C)(c1ccccc1)NC(=O)C.ClCCl,94.2
c1cc2c(c3c1op(oc1c3c3ccccc3cc1)OCC(C)C)cccc2.C(=C)(c1ccccc1)NC(=O)C.ClCCl,93.1
c1cc2c(c3c1op(oc1c3c3ccccc3cc1)OCC(CC)CC)cccc2.C(=C)(c1ccccc1)NC(=O)C.ClCCl,93.7
c1cc2c(c3c1op(oc1c3c3ccccc3cc1)OCC(C)(C)C)cccc2.C(=C)(c1ccccc1)NC(=O)C.ClCCl,95.3
c1cc2c(c3c1op(oc1c3c3ccccc3cc1)O[C@H](CC)C)cccc2.C(=C)(c1ccccc1)NC(=O)C.ClCCl,92
c1cc2c(c3c1op(oc1c3c3ccccc3cc1)O[C@H](CC)C)cccc2.C(=C)(c1ccccc1)NC(=O)C.ClCCl,94.1
c1cc2c(c3c1op(oc1c3c3ccccc3cc1)O[C@@H](C)c1ccccc1)cccc2.C(=C)(c1ccccc1)NC(=O)C.ClCCl,94.9
c1cc2c(c3c1op(oc1c3c3ccccc3cc1)OCCOC)cccc2.C(=C)(c1ccccc1)NC(=O)C.ClCCl,86
c1cc2c(c3c1op(oc1c3c3ccccc3cc1)OCCCl)cccc2.C(=C)(c1ccccc1)NC(=O)C.ClCCl,92.7
c1cc2c(c3c1op(oc1c3c3ccccc3cc1)O[C@@H](C)c1ccccc1)cccc2.C(=C)(c1ccc(cc1)Cl)NC(=O)C.ClCCl,95.8
c1cc2c(c3c1op(oc1c3c3ccccc3cc1)OCc1ccccc1)cccc2.C(=C)(c1cc2c(cc1)cccc2)NC(=O)C.ClCCl,94.3
c1cc2c(c3c1op(oc1c3c3ccccc3cc1)OCC(C)C)cccc2.C(=C)(c1cc2c(cc1)cccc2)NC(=O)C.ClCCl,92
c1cc2c(c3c1op(oc1c3c3ccccc3cc1)OCC(CC)CC)cccc2.C(=C)(c1cc2c(cc1)cccc2)NC(=O)C.ClCCl,93
c1cc2c(c3c1op(oc1c3c3ccccc3cc1)OCC(C)(C)C)cccc2.C(=C)(c1cc2c(cc1)cccc2)NC(=O)C.ClCCl,93.7
c1cc2c(c3c1op(oc1c3c3ccccc3cc1)O[C@H](CC)C)cccc2.C(=C)(c1cc2c(cc1)cccc2)NC(=O)C.ClCCl,90.6
c1cc2c(c3c1op(oc1c3c3ccccc3cc1)O[C@H](CC)C)cccc2.C(=C)(c1cc2c(cc1)cccc2)NC(=O)C.ClCCl,93.4
c1cc2c(c3c1op(oc1c3c3ccccc3cc1)O[C@@H](C)c1ccccc1)cccc2.C(=C\C)(/c1ccccc1)\NC(=O)C.ClCCl,76.2
c1cc2c(c3c1op(oc1c3c3ccccc3cc1)O[C@H]1[C@@H]3[C@@H](OC1)[C@@H](CO3)C)cccc2.C=C(CC(=O)OC)C(=O)OC.ClCCl,97.8
c1cc2c(c3c1op(oc1c3c3ccccc3cc1)O[C@H]1[C@@H]3[C@@H](OC1)[C@@H](CO3)C)cccc2.C=C(CC(=O)OC)C(=O)OC.ClCCl,95.2
c1cc2c(c3c1op(oc1c3c3ccccc3cc1)O[C@H](C)c1ccccc1)cccc2.C=C(CC(=O)OC)C(=O)OC.ClCCl,98.2
c1cc2c(c3c1op(oc1c3c3ccccc3cc1)O[C@@H](C)c1ccccc1)cccc2.C=C(CC(=O)OC)C(=O)OC.ClCCl,99.6
c1cc2c(c3c1op(oc1c3c3ccccc3cc1)O[C@H](COC)c1ccccc1)cccc2.C=C(CC(=O)OC)C(=O)OC.ClCCl,93.9
c1cc2c(c3c1op(oc1c3c3ccccc3cc1)O[C@H]1C[C@H](CC[C@@H]1C(C)C)C)cccc2.C=C(CC(=O)OC)C(=O)OC.ClCCl,95.2
c1cc2c(c3c1op(oc1c3c3ccccc3cc1)O[C@H]1C[C@H](CC[C@@H]1C(C)C)C)cccc2.C=C(CC(=O)OC)C(=O)OC.ClCCl,90.5
c1cc2c(c3c1op(oc1c3c3ccccc3cc1)N1CCCCC1)cccc2.C(=N\c1ccccc1)(/c1ccccc1)\C.ClCCl,87
c1cc2c(c3c1op(oc1c3c3ccccc3cc1)N1CCCCC1)cccc2.C(=N\c1ccc(cc1)OC)(/c1ccccc1)\C.ClCCl,71
c1cc2c(c3c1op(oc1c3c3ccccc3cc1)N1CCCCC1)cccc2.C(=N\c1c(cccc1)OC)(/c1ccccc1)\C.ClCCl,97
c1cc2c(c3c1op(oc1c3c3ccccc3cc1)N1CCCCC1)cccc2.C(=N\c1cc(cc(c1)C)C)(/c1ccccc1)\C.ClCCl,99
c1cc2c(c3c1op(oc1c3c3ccccc3cc1)N1CCCCC1)cccc2.C(=N\c1cc(c(c(c1)OC)OC)OC)(/c1ccccc1)\C.ClCCl,99
c1cc2c(c3c1op(oc1c3c3ccccc3cc1)N1CCCCC1)cccc2.C(=N\c1cc(c(c(c1)C)OC)C)(/c1ccccc1)\C.ClCCl,99
c1cc2c(c3c1op(oc1c3c3ccccc3cc1)N1CCCCC1)cccc2.C(=N\c1c(cccc1)OC)(/c1ccccc1)\C.ClCCl,97
c1cc2c(c3c1op(oc1c3c3ccccc3cc1)N1CCCCC1)cccc2.C(=N\c1c(cccc1)OC)(/c1cc2c(cc1)cccc2)\C.ClCCl,97
c1cc2c(c3c1op(oc1c3c3ccccc3cc1)N1CCCCC1)cccc2.C(=N\c1c(cccc1)OC)(/c1ccc(cc1)C)\C.ClCCl,98
c1cc2c(c3c1op(oc1c3c3ccccc3cc1)N1CCCCC1)cccc2.C(=N\c1c(cccc1)OC)(/c1ccc(cc1)Cl)\C.ClCCl,97
c1cc2c(c3c1op(oc1c3c3ccccc3cc1)N1CCCCC1)cccc2.C(=N\c1c(cccc1)OC)(/c1ccc(cc1)C(F)(F)F)\C.ClCCl,97
c1cc2c(c3c1op(oc1c3c3ccccc3cc1)N1CCCCC1)cccc2.C(=N\c1c(cccc1)OC)(/c1ccc(cc1)F)\C.ClCCl,97
c1cc2c(c3c1op(oc1c3c3ccccc3cc1)N1CCCCC1)cccc2.C(=N\c1c(cccc1)OC)(/c1ccc(cc1)F)\C.ClCCl,93
c1cc2c(c3c1op(oc1c3c3ccccc3cc1)N1CCCCC1)cccc2.C(=N\c1c(cccc1)OC)(/c1ccccc1)\CC.ClCCl,94
c1cc2c(c3c1op(oc1c3c3ccccc3cc1)N1CCCCC1)cccc2.C(=N\c1c(cccc1)OC)(/c1ccccc1)\CCC.ClCCl,97
c1cc2c(c3c1op(oc1c3c3ccccc3cc1)N(c1c(cccc1)P(c1ccccc1)c1ccccc1)c1ccccc1)cccc2.c1(nc2c(cc1)cccc2)C.c1(ccccc1)C,67
c1cc2c(c3c1op(oc1c3c3ccccc3cc1)N([C@@H](C)c1ccccc1)c1c(cccc1)P(c1ccccc1)c1ccccc1)cccc2.c1(nc2c(cc1)cccc2)C.c1(ccccc1)C,96
c1cc2c(c3c1op(oc1c3c3ccccc3cc1)N([C@H](C)c1c3ccccc3ccc1)c1c(cccc1)P(c1ccccc1)c1ccccc1)cccc2.c1(nc2c(cc1)cccc2)C.c1(ccccc1)C,97
c1cc2c(c3c1op(oc1c3c3ccccc3cc1)N([C@@H](C)c1c3ccccc3ccc1)c1c(cccc1)P(c1ccccc1)c1ccccc1)cccc2.c1(nc2c(cc1)cccc2)C.c1(ccccc1)C,81
c1cc2c(c3c1op(oc1c3c3ccccc3cc1)N([C@@H](C)c1ccccc1)c1c(cccc1)P(c1ccccc1)c1ccccc1)cccc2.c1(nc2c(cc1)cccc2)c1ccccc1.c1(ccccc1)C,90
c1cc2c(c3c1op(oc1c3c3ccccc3cc1)N([C@H](C)c1c3ccccc3ccc1)c1c(cccc1)P(c1ccccc1)c1ccccc1)cccc2.c1(nc2c(cc1)cccc2)c1ccccc1.c1(ccccc1)C,89
c1cc2c(c3c1op(oc1c3c3ccccc3cc1)N(C)Cc1ccccc1)cccc2.[C](=[N+])(c1c(cccc1)Cl)c1ccccc1.[Cl-].ClCCl,87
c1cc2c(c3c1op(oc1c3c3ccccc3cc1)N(C)Cc1ccccc1)cccc2.[C](=[N+])(c1c(cccc1)Br)c1ccccc1.[Cl-].ClCCl,91
c1cc2c(c3c1op(oc1c3c3ccccc3cc1)N(C)Cc1ccccc1)cccc2.[C](=[N+])(c1c(cccc1)C)c1ccccc1.[Cl-].ClCCl,82
c1cc2c(c3c1op(oc1c3c3ccccc3cc1)N(C)Cc1ccccc1)cccc2.[C](=[N+])(c1c(cccc1)OC)c1ccccc1.[Cl-].ClCCl,76
c1cc2c(c3c1op(oc1c3c3ccccc3cc1)N(C)Cc1ccccc1)cccc2.[C](=[N+])(c1c(c(ccc1)C)C)c1ccccc1.[Cl-].ClCCl,86
c1cc2c(c3c1op(oc1c3c3ccccc3cc1)N(C)Cc1ccccc1)cccc2.[C](=[N+])(c1c(cccc1)Cl)c1ccc(cc1)C.[Cl-].ClCCl,92
c1cc2c(c3c1op(oc1c3c3ccccc3cc1)N(C)Cc1ccccc1)cccc2.[C](=[N+])(c1c(cccc1)Cl)c1ccc(cc1)OC.[Cl-].ClCCl,93
c1cc2c(c3c1op(oc1c3c3ccccc3cc1)N(C)Cc1ccccc1)cccc2.[C](=[N+])(c1c(cccc1)C)c1ccc(cc1)C.[Cl-].ClCCl,91
c1cc2c(c3c1op(oc1c3c3ccccc3cc1)N(C)Cc1ccccc1)cccc2.[C](=[N+])(c1c(cccc1)C)c1ccc(cc1)OC.[Cl-].ClCCl,94
c1cc2c(c3c1op(oc1c3c3ccccc3cc1)N(C)Cc1ccccc1)cccc2.[C](=[N+])(c1c(c(ccc1)C(F)(F)F)Cl)c1ccc(cc1)C.[Cl-].ClCCl,92
c1cc2c(c3c1op(oc1c3c3ccccc3cc1)N(C)Cc1ccccc1)cccc2.[C](=[N+])(c1c(ccc(c1)Cl)Cl)c1ccc(cc1)C.[Cl-].ClCCl,72
c1cc2c(c3c1op(oc1c3c3ccccc3cc1)N(C)Cc1ccccc1)cccc2.[C](=[N+])(c1c(cccc1Cl)Cl)c1ccc(cc1)C.[Cl-].ClCCl,81
c1cc2c(c3c1op(oc1c3c3ccccc3cc1)N(C)Cc1ccccc1)cccc2.[C](=[N+])(c1c(ccc(c1)Cl)C)c1ccc(cc1)OC.[Cl-].ClCCl,74
c1(cc2c(c3c1op(oc1c3c3ccccc3cc1C)N(C)[C@H](c1ccccc1P(c1ccccc1)c1ccccc1)C)cccc2)C.C(=N\c1ccccc1)(/c1ccccc1)\C.ClCCl,93
c1(cc2c(c3c1op(oc1c3c3ccccc3cc1C)N(C)[C@H](c1ccccc1P(c1ccccc1)c1ccccc1)C)cccc2)C.C(=N\c1ccccc1)(/c1ccc(cc1)OC)\C.ClCCl,92
c1(cc2c(c3c1op(oc1c3c3ccccc3cc1C)N(C)[C@H](c1ccccc1P(c1ccccc1)c1ccccc1)C)cccc2)C.C(=N\c1ccccc1)(/c1ccc(cc1)Cl)\C.ClCCl,94
c1(cc2c(c3c1op(oc1c3c3ccccc3cc1C)N(C)[C@H](c1ccccc1P(c1ccccc1)c1ccccc1)C)cccc2)C.C(=N\c1ccccc1)(/c1ccc(cc1)N(=O)=O)\C.ClCCl,93
c1(cc2c(c3c1op(oc1c3c3ccccc3cc1C)N(C)[C@H](c1ccccc1P(c1ccccc1)c1ccccc1)C)cccc2)C.C(=N\c1ccccc1)(/c1cccc(c1)N(=O)=O)\C.ClCCl,97
c1(cc2c(c3c1op(oc1c3c3ccccc3cc1C)N(C)[C@H](c1ccccc1P(c1ccccc1)c1ccccc1)C)cccc2)C.C(=N\c1ccccc1)(/c1ccc(c(c1)Cl)Cl)\C.ClCCl,93
c1(cc2c(c3c1op(oc1c3c3ccccc3cc1C)N(C)[C@H](c1ccccc1P(c1ccccc1)c1ccccc1)C)cccc2)C.C(=N\c1ccc(cc1)F)(/c1ccccc1)\C.ClCCl,95
c1(cc2c(c3c1op(oc1c3c3ccccc3cc1C)N(C)[C@H](c1ccccc1P(c1ccccc1)c1ccccc1)C)cccc2)C.C(=N\c1ccccc1)(/c1ccccc1C)\C.ClCCl,62
c1(cc2c(c3c1op(oc1c3c3ccccc3cc1C)N(C)[C@H](c1ccccc1P(c1ccccc1)c1ccccc1)C)cccc2)C.C(=N\c1c(cccc1)C)(/c1ccccc1)\C.ClCCl,72
c1(cc2c(c3c1op(oc1c3c3ccccc3cc1C)N(C)[C@H](c1ccccc1P(c1ccccc1)c1ccccc1)C)cccc2)C.C(=N\c1c(cccc1)C(F)(F)F)(/c1ccccc1)\C.ClCCl,78
c1(cc2c(c3c1op(oc1c3c3ccccc3cc1C)N(C)[C@H](c1ccccc1P(c1ccccc1)c1ccccc1)C)cccc2)C.C(=N\c1ccccc1)(\C)/c1ccc2c(c1)ccc(c2)OC.ClCCl,83
c1(cc2c(c3c1op(oc1c3c3ccccc3cc1C)N(C)[C@H](c1ccccc1P(c1ccccc1)c1ccccc1)C)cccc2)C.C(=N\c1ccccc1)/c1cccs1.ClCCl,85
c1(cc2c(c3c1op(oc1c3c3ccccc3cc1C)N(C)[C@H](c1ccccc1P(c1ccccc1)c1ccccc1)C)cccc2)C.C(=N\c1c(cccc1C)C)/c1ccccc1.ClCCl,96
c1(cc2c(c3c1op(oc1c3c3ccccc3cc1C)N(C)[C@H](c1ccccc1P(c1ccccc1)c1ccccc1)C)cccc2)C.C(=N\c1c(cccc1C)C)/c1ccc(cc1)C.ClCCl,94
c1(cc2c(c3c1op(oc1c3c3ccccc3cc1C)N(C)[C@H](c1ccccc1P(c1ccccc1)c1ccccc1)C)cccc2)C.C(=N\c1c(cccc1C)C)(/c1ccc(cc1)Br)\C.ClCCl,96
c1(cc2c(c3c1op(oc1c3c3ccccc3cc1C)N(C)[C@H](c1ccccc1P(c1ccccc1)c1ccccc1)C)cccc2)C.C(=N\c1c(cccc1C)C)(/c1ccc(cc1)N(=O)=O)\C.ClCCl,98
c1(cc2c(c3c1op(oc1c3c3ccccc3cc1C)N(C)[C@H](c1ccccc1P(c1ccccc1)c1ccccc1)C)cccc2)C.C(=N\c1c(cccc1C)C)(/c1cccc(c1)N(=O)=O)\C.ClCCl,98
c1(cc2c(c3c1op(oc1c3c3ccccc3cc1C)N(C)[C@H](c1ccccc1P(c1ccccc1)c1ccccc1)C)cccc2)C.C(=N\c1c(cccc1C)C)(/c1cccc(c1)OC)\C.ClCCl,95
c1(cc2c(c3c1op(oc1c3c3ccccc3cc1C)N(C)[C@H](c1ccccc1P(c1ccccc1)c1ccccc1)C)cccc2)C.C(=N\c1c(cccc1C)C)(/c1cc2c(cc1)cc(cc2)OC)\C.ClCCl,92
c1(cc2c(c3c1op(oc1c3c3ccccc3cc1C)N(C)[C@H](c1ccccc1P(c1ccccc1)c1ccccc1)C)cccc2)C.C(=N\c1c(cccc1C)C)(/C(C)C)\C.ClCCl,84
c1(cc2c(c3c1op(oc1c3c3ccccc3cc1C)N(C)[C@H](c1ccccc1P(c1ccccc1)c1ccccc1)C)cccc2)C.C(=N\c1c(cccc1C)C)/COC.ClCCl,92
c1(cc2c(c3c1op(oc1c3c3ccccc3cc1C)N(C)[C@H](c1ccccc1P(c1ccccc1)c1ccccc1)C)cccc2)C.C(=N\c1c(cccc1C)C)(/C(=O)OC)\C.ClCCl,95
c1cc2c(c3c1op(oc1c3c3ccccc3cc1)N(C)C)cccc2.C=C(NC(=O)C)C(=O)OC.ClCCl,97
c1cc2c(c3c1op(oc1c3c3ccccc3cc1)N(C)C)cccc2.C(=C(\NC(=O)C)/C(=O)OC)\c1ccccc1.ClCCl,95
c1cc2c(c3c1op(oc1c3c3ccccc3cc1)N(C)C)cccc2.C(=C)(c1ccccc1)NC(=O)C.ClCCl,85
c1cc2c(c3c1op(oc1c3c3ccccc3cc1)N(C)C)cccc2.C(=C)(c1ccc(cc1)Cl)NC(=O)C.ClCCl,88
c1cc2c(c3c1op(oc1c3c3ccccc3cc1)N(C)C)cccc2.C=C(NC(=O)C)c1ccc(cc1)OC.ClCCl,81
c1cc2c(c3c1op(oc1c3c3ccccc3cc1)N(C)C)cccc2.C(=C(\NC(=O)C)/c1ccccc1)\CC.ClCCl,80
c1cc2c(c3c1op(oc1c3c3ccccc3cc1)N(C)C)cccc2.C(=C(\NC(=O)C)/c1ccccc1)/CC.ClCCl,6
c1cc2c(c3c1op(oc1c3c3ccccc3cc1)N(C)C)cccc2.C=C(CC(=O)OC)C(=O)OC.ClCCl,92
c1cc2c(c3c1op(oc1c3c3ccccc3cc1)N(CC)CC)cccc2.C=C(NC(=O)C)C(=O)OC.ClCCl,94
c1cc2c(c3c1op(oc1c3c3ccccc3cc1)N(CC)CC)cccc2.C(=C(\NC(=O)C)/C(=O)OC)\c1ccccc1.ClCCl,97
c1cc2c(c3c1op(oc1c3c3ccccc3cc1)N(CC)CC)cccc2.C(=C)(c1ccccc1)NC(=O)C.ClCCl,94
c1cc2c(c3c1op(oc1c3c3ccccc3cc1)N(CC)CC)cccc2.C(=C)(c1ccc(cc1)Cl)NC(=O)C.ClCCl,90
c1cc2c(c3c1op(oc1c3c3ccccc3cc1)N(CC)CC)cccc2.C=C(NC(=O)C)c1ccc(cc1)OC.ClCCl,87
c1cc2c(c3c1op(oc1c3c3ccccc3cc1)N(CC)CC)cccc2.C(=C(\NC(=O)C)/c1ccccc1)\CC.ClCCl,85
c1cc2c(c3c1op(oc1c3c3ccccc3cc1)N(CC)CC)cccc2.C(=C(\NC(=O)C)/c1ccccc1)/CC.ClCCl,1
c1cc2c(c3c1op(oc1c3c3ccccc3cc1)N(CC)CC)cccc2.C=C(CC(=O)OC)C(=O)OC.ClCCl,94
c1cc2c(c3c1op(oc1c3c3ccccc3cc1)N1CCCC1)cccc2.C=C(NC(=O)C)C(=O)OC.ClCCl,85
c1cc2c(c3c1op(oc1c3c3ccccc3cc1)N1CCCC1)cccc2.C(=C(\NC(=O)C)/C(=O)OC)\c1ccccc1.ClCCl,76
c1cc2c(c3c1op(oc1c3c3ccccc3cc1)N1CCCC1)cccc2.C(=C)(c1ccccc1)NC(=O)C.ClCCl,82
c1cc2c(c3c1op(oc1c3c3ccccc3cc1)N1CCCC1)cccc2.C(=C)(c1ccc(cc1)Cl)NC(=O)C.ClCCl,83
c1cc2c(c3c1op(oc1c3c3ccccc3cc1)N1CCCC1)cccc2.C=C(NC(=O)C)c1ccc(cc1)OC.ClCCl,76
c1cc2c(c3c1op(oc1c3c3ccccc3cc1)N1CCCC1)cccc2.C(=C(\NC(=O)C)/c1ccccc1)\CC.ClCCl,77
c1cc2c(c3c1op(oc1c3c3ccccc3cc1)N1CCCC1)cccc2.C(=C(\NC(=O)C)/c1ccccc1)/CC.ClCCl,0
c1cc2c(c3c1op(oc1c3c3ccccc3cc1)N1CCCC1)cccc2.C=C(CC(=O)OC)C(=O)OC.ClCCl,83
c1cc2c(c3c1op(oc1c3c3ccccc3cc1)N1CCCCC1)cccc2.C=C(NC(=O)C)C(=O)OC.ClCCl,99
c1cc2c(c3c1op(oc1c3c3ccccc3cc1)N1CCCCC1)cccc2.C(=C(\NC(=O)C)/C(=O)OC)\c1ccccc1.ClCCl,99
c1cc2c(c3c1op(oc1c3c3ccccc3cc1)N1CCCCC1)cccc2.C(=C)(c1ccccc1)NC(=O)C.ClCCl,99
c1cc2c(c3c1op(oc1c3c3ccccc3cc1)N1CCCCC1)cccc2.C(=C)(c1ccc(cc1)Cl)NC(=O)C.ClCCl,99
c1cc2c(c3c1op(oc1c3c3ccccc3cc1)N1CCCCC1)cccc2.C=C(NC(=O)C)c1ccc(cc1)OC.ClCCl,99
c1cc2c(c3c1op(oc1c3c3ccccc3cc1)N1CCCCC1)cccc2.C(=C(\NC(=O)C)/c1ccccc1)\CC.ClCCl,96
c1cc2c(c3c1op(oc1c3c3ccccc3cc1)N1CCCCC1)cccc2.C(=C(\NC(=O)C)/c1ccccc1)/CC.ClCCl,3
c1cc2c(c3c1op(oc1c3c3ccccc3cc1)N1CCCCC1)cccc2.C=C(CC(=O)OC)C(=O)OC.ClCCl,99
c1cc2c(c3c1op(oc1c3c3ccccc3cc1)N1CCCCCC1)cccc2.C=C(NC(=O)C)C(=O)OC.ClCCl,97
c1cc2c(c3c1op(oc1c3c3ccccc3cc1)N1CCCCCC1)cccc2.C(=C(\NC(=O)C)/C(=O)OC)\c1ccccc1.ClCCl,97
c1cc2c(c3c1op(oc1c3c3ccccc3cc1)N1CCCCCC1)cccc2.C(=C)(c1ccccc1)NC(=O)C.ClCCl,94
c1cc2c(c3c1op(oc1c3c3ccccc3cc1)N1CCCCCC1)cccc2.C(=C)(c1ccc(cc1)Cl)NC(=O)C.ClCCl,94
c1cc2c(c3c1op(oc1c3c3ccccc3cc1)N1CCCCCC1)cccc2.C=C(NC(=O)C)c1ccc(cc1)OC.ClCCl,92
c1cc2c(c3c1op(oc1c3c3ccccc3cc1)N1CCCCCC1)cccc2.C(=C(\NC(=O)C)/c1ccccc1)\CC.ClCCl,88
c1cc2c(c3c1op(oc1c3c3ccccc3cc1)N1CCCCCC1)cccc2.C(=C(\NC(=O)C)/c1ccccc1)/CC.ClCCl,1
c1cc2c(c3c1op(oc1c3c3ccccc3cc1)N1CCCCCC1)cccc2.C=C(CC(=O)OC)C(=O)OC.ClCCl,93
c1cc2c(c3c1op(oc1c3c3ccccc3cc1)N1CCOCC1)cccc2.C=C(NC(=O)C)C(=O)OC.ClCCl,99
c1cc2c(c3c1op(oc1c3c3ccccc3cc1)N1CCOCC1)cccc2.C(=C(\NC(=O)C)/C(=O)OC)\c1ccccc1.ClCCl,98
c1cc2c(c3c1op(oc1c3c3ccccc3cc1)N1CCOCC1)cccc2.C(=C)(c1ccccc1)NC(=O)C.ClCCl,99
c1cc2c(c3c1op(oc1c3c3ccccc3cc1)N1CCOCC1)cccc2.C(=C)(c1ccc(cc1)Cl)NC(=O)C.ClCCl,99
c1cc2c(c3c1op(oc1c3c3ccccc3cc1)N1CCOCC1)cccc2.C=C(NC(=O)C)c1ccc(cc1)OC.ClCCl,99
c1cc2c(c3c1op(oc1c3c3ccccc3cc1)N1CCOCC1)cccc2.C(=C(\NC(=O)C)/c1ccccc1)\CC.ClCCl,98
c1cc2c(c3c1op(oc1c3c3ccccc3cc1)N1CCOCC1)cccc2.C(=C(\NC(=O)C)/c1ccccc1)/CC.ClCCl,23
c1cc2c(c3c1op(oc1c3c3ccccc3cc1)N1CCOCC1)cccc2.C=C(CC(=O)OC)C(=O)OC.ClCCl,98
c1cc2c(c3c1op(oc1c3c3ccccc3cc1)N1CCN(CC1)c1ccccc1)cccc2.C=C(NC(=O)C)C(=O)OC.ClCCl,96
c1cc2c(c3c1op(oc1c3c3ccccc3cc1)N1CCN(CC1)c1ccccc1)cccc2.C(=C(\NC(=O)C)/C(=O)OC)\c1ccccc1.ClCCl,97
c1cc2c(c3c1op(oc1c3c3ccccc3cc1)N1CCN(CC1)c1ccccc1)cccc2.C(=C)(c1ccccc1)NC(=O)C.ClCCl,99
c1cc2c(c3c1op(oc1c3c3ccccc3cc1)N1CCN(CC1)c1ccccc1)cccc2.C(=C)(c1ccc(cc1)Cl)NC(=O)C.ClCCl,99
c1cc2c(c3c1op(oc1c3c3ccccc3cc1)N1CCN(CC1)c1ccccc1)cccc2.C=C(NC(=O)C)c1ccc(cc1)OC.ClCCl,98
c1cc2c(c3c1op(oc1c3c3ccccc3cc1)N1CCN(CC1)c1ccccc1)cccc2.C(=C(\NC(=O)C)/c1ccccc1)\CC.ClCCl,98
c1cc2c(c3c1op(oc1c3c3ccccc3cc1)N1CCN(CC1)c1ccccc1)cccc2.C(=C(\NC(=O)C)/c1ccccc1)/CC.ClCCl,17
c1cc2c(c3c1op(oc1c3c3ccccc3cc1)N1CCN(CC1)c1ccccc1)cccc2.C=C(CC(=O)OC)C(=O)OC.ClCCl,91
c1cc2c(c3c1op(oc1c3c3ccccc3cc1)N1CCc3c(C1)cccc3)cccc2.C=C(NC(=O)C)C(=O)OC.ClCCl,99
c1cc2c(c3c1op(oc1c3c3ccccc3cc1)N1CCc3c(C1)cccc3)cccc2.C(=C(\NC(=O)C)/C(=O)OC)\c1ccccc1.ClCCl,99
c1cc2c(c3c1op(oc1c3c3ccccc3cc1)N1CCc3c(C1)cccc3)cccc2.C(=C)(c1ccccc1)NC(=O)C.ClCCl,94
c1cc2c(c3c1op(oc1c3c3ccccc3cc1)N1CCc3c(C1)cccc3)cccc2.C(=C)(c1ccc(cc1)Cl)NC(=O)C.ClCCl,93
c1cc2c(c3c1op(oc1c3c3ccccc3cc1)N1CCc3c(C1)cccc3)cccc2.C=C(NC(=O)C)c1ccc(cc1)OC.ClCCl,94
c1cc2c(c3c1op(oc1c3c3ccccc3cc1)N1CCc3c(C1)cccc3)cccc2.C(=C(\NC(=O)C)/c1ccccc1)\CC.ClCCl,89
c1cc2c(c3c1op(oc1c3c3ccccc3cc1)N1CCc3c(C1)cccc3)cccc2.C(=C(\NC(=O)C)/c1ccccc1)/CC.ClCCl,12
c1cc2c(c3c1op(oc1c3c3ccccc3cc1)N1CCc3c(C1)cccc3)cccc2.C=C(CC(=O)OC)C(=O)OC.ClCCl,97
c1(cc2c(c(c1P(c1ccccc1)c1ccccc1)c1c(c(cc3c1cccc3)CCc1ccccc1)P(c1ccccc1)c1ccccc1)cccc2)CCc1ccccc1.C=C(NC(=O)C)C(=O)OC.OC,98
c1(cc2c(c(c1P(c1ccccc1)c1ccccc1)c1c(c(cc3c1cccc3)CCc1ccccc1)P(c1ccccc1)c1ccccc1)cccc2)CCc1ccccc1.C=C(NC(=O)C)C(=O)O.OC,95
c1(cc2c(c(c1P(c1ccccc1)c1ccccc1)c1c(c(cc3c1cccc3)COc1ccccc1)P(c1ccccc1)c1ccccc1)cccc2)COc1ccccc1.C=C(NC(=O)C)C(=O)OC.OC,83
c1(cc2c(c(c1P(c1ccccc1)c1ccccc1)c1c(c(cc3c1cccc3)COc1ccccc1)P(c1ccccc1)c1ccccc1)cccc2)COc1ccccc1.C=C(NC(=O)C)C(=O)O.OC,69
c1(cc2c(c(c1P(c1ccccc1)c1ccccc1)c1c(c(cc3c1cccc3)OCc1ccccc1)P(c1ccccc1)c1ccccc1)cccc2)OCc1ccccc1.C=C(NC(=O)C)C(=O)OC.OC,96
c1(cc2c(c(c1P(c1ccccc1)c1ccccc1)c1c(c(cc3c1cccc3)OCc1ccccc1)P(c1ccccc1)c1ccccc1)cccc2)OCc1ccccc1.C=C(NC(=O)C)C(=O)O.OC,92
c1(cc2c(c(c1P(c1ccccc1)c1ccccc1)c1c(c(cc3c1cccc3)CCc1ccccc1)P(c1ccccc1)c1ccccc1)cccc2)CCc1ccccc1.C(=C(\NC(=O)C)/C(=O)OC)\c1ccccc1.OC,78
c1(cc2c(c(c1P(c1ccccc1)c1ccccc1)c1c(c(cc3c1cccc3)COc1ccccc1)P(c1ccccc1)c1ccccc1)cccc2)COc1ccccc1.C(=C(\NC(=O)C)/C(=O)OC)\c1ccccc1.OC,65
c1(cc2c(c(c1P(c1ccccc1)c1ccccc1)c1c(c(cc3c1cccc3)OC(C)C)P(c1ccccc1)c1ccccc1)cccc2)OC(C)C.C=C(NC(=O)C)C(=O)O.OC,94.9
c1(cc2c(c(c1P(c1ccccc1)c1ccccc1)c1c(c(cc3c1cccc3)OC(C)C)P(c1ccccc1)c1ccccc1)cccc2)OC(C)C.C=C(NC(=O)C)C(=O)OC.OC,98
c1(cc2c(c(c1P(c1ccccc1)c1ccccc1)c1c(c(cc3c1cccc3)OC(=O)C(C)(C)C)P(c1ccccc1)c1ccccc1)cccc2)OC(=O)C(C)(C)C.C=C(NC(=O)C)C(=O)O.OC,99
c1(cc2c(c(c1P(c1ccccc1)c1ccccc1)c1c(c(cc3c1cccc3)OC(=O)C(C)(C)C)P(c1ccccc1)c1ccccc1)cccc2)OC(=O)C(C)(C)C.C=C(NC(=O)C)C(=O)OC.OC,99
c1(cc2c(c(c1P(c1ccccc1)c1ccccc1)c1c(c(cc3c1cccc3)OC(=O)C(C)(C)C)P(c1ccccc1)c1ccccc1)cccc2)OC(=O)C(C)(C)C.C(=C(\NC(=O)C)/C(=O)OC)\c1ccccc1.OC,74.7
c1(cc2c(c(c1P(c1ccccc1)c1ccccc1)c1c(c(cc3c1cccc3)OC(C)C)P(c1ccccc1)c1ccccc1)cccc2)OC(C)C.C(=C)(c1ccccc1)NC(=O)C.OC,89.9
c1(cc2c(c(c1P(c1ccccc1)c1ccccc1)c1c(c(cc3c1cccc3)OC(=O)C(C)(C)C)P(c1ccccc1)c1ccccc1)cccc2)OC(=O)C(C)(C)C.C(=C)(c1ccccc1)NC(=O)C.OC,85.6
c1(cc2c(c(c1P(c1ccccc1)c1ccccc1)c1c(c(cc3c1cccc3)OCc1ccccc1)P(c1ccccc1)c1ccccc1)cccc2)OCc1ccccc1.C(=C)(c1ccccc1)NC(=O)C.OC,59.6
c1cc2c(c(c1P(c1ccccc1)c1ccccc1)c1c(ccc3c1cccc3)P(c1ccccc1)c1ccccc1)cccc2.C1(=C)c2ccccc2CC1.ClCCl,78
c1cc2c(c(c1P(c1ccccc1)c1ccccc1)c1c(ccc3c1cccc3)P(c1ccccc1)c1ccccc1)cccc2.C1(=C)c2ccccc2CCC1.ClCCl,69
c1cc2c(c(c1P(c1ccccc1)c1ccccc1)c1c(ccc3c1cccc3)P(c1ccccc1)c1ccccc1)cccc2.C1(=C)c2cc(ccc2CCC1)OC.ClCCl,65
c1cc2c(c(c1P(c1ccccc1)c1ccccc1)c1c(ccc3c1cccc3)P(c1ccccc1)c1ccccc1)cccc2.C1(=C)c2ccc(cc2CCC1)OC.ClCCl,75
c1cc2c(c(c1P(c1ccccc1)c1ccccc1)c1c(ccc3c1cccc3)P(c1ccccc1)c1ccccc1)cccc2.C1(=C)c2cccc(c2CCC1)OC.ClCCl,61
c1cc2c(c(c1P(c1ccccc1)c1ccccc1)c1c(ccc3c1cccc3)P(c1ccccc1)c1ccccc1)cccc2.C(=C(\C(=O)O)/NC(=O)c1ccccc1)\c1ccccc1.OCC,87
c1cc2c(c(c1P(c1ccccc1)c1ccccc1)c1c(ccc3c1cccc3)P(c1ccccc1)c1ccccc1)cccc2.C(=C(\C(=O)OC)/NC(=O)c1ccccc1)/c1ccccc1.OCC,93
c1cc2c(c(c1P(c1ccccc1)c1ccccc1)c1c(ccc3c1cccc3)P(c1ccccc1)c1ccccc1)cccc2.C(=C(\C(=O)O)/NC(=O)C)/c1ccccc1.OCC,84
c1cc2c(c(c1P(c1ccccc1)c1ccccc1)c1c(ccc3c1cccc3)P(c1ccccc1)c1ccccc1)cccc2.C=C(C(=O)O)NC(=O)c1ccccc1.OCC,79
c1cc2c(c(c1P(c1ccccc1)c1ccccc1)c1c(ccc3c1cccc3)P(c1ccccc1)c1ccccc1)cccc2.C(=C(\C(=O)O)/C)/C.OC,91
c1cc2c(c(c1P(c1ccccc1)c1ccccc1)c1c(ccc3c1cccc3)P(c1ccccc1)c1ccccc1)cccc2.C(=C\C(=O)O)(/C)\c1ccccc1.OC,85
c1cc2c(c(c1P(c1ccccc1)c1ccccc1)c1c(ccc3c1cccc3)P(c1ccccc1)c1ccccc1)cccc2.C=C(C(=O)O)c1ccccc1.OC,92
c1cc2c(c(c1P(c1ccccc1)c1ccccc1)c1c(ccc3c1cccc3)P(c1ccccc1)c1ccccc1)cccc2.C(=C\C(=O)O)(\C)/CO.OC,93
c1cc2c(c(c1P(c1ccccc1)c1ccccc1)c1c(ccc3c1cccc3)P(c1ccccc1)c1ccccc1)cccc2.C(=C\C(=O)O)/CC(=O)OC.OC,95
c1cc2c(c(c1P(c1ccccc1)c1ccccc1)c1c(ccc3c1cccc3)P(c1ccccc1)c1ccccc1)cccc2.C(=C\C(=O)O)(/CCO)\C.OC,93
c1cc2c(c(c1P(c1ccccc1)c1ccccc1)c1c(ccc3c1cccc3)P(c1ccccc1)c1ccccc1)cccc2.C(=C\C(=O)O)(/CCC(=O)OC)\C.OC,88
c1cc2c(c(c1P(c1ccccc1)c1ccccc1)c1c(ccc3c1cccc3)P(c1ccccc1)c1ccccc1)cccc2.C(=C(\C(=O)O)/C)(/CC(=O)OC)\C.OC,83
c1cc2c(c(c1P(c1ccccc1)c1ccccc1)c1c(ccc3c1cccc3)P(c1ccccc1)c1ccccc1)cccc2.C(=C(\C(=O)O)/CO)/C.OC,95
c1cc2c(c(c1P(c1ccccc1)c1ccccc1)c1c(ccc3c1cccc3)P(c1ccccc1)c1ccccc1)cccc2.C(=C(\C)/NC(=O)C)\C(=O)OC.OC,92
c1cc2c(c(c1P(c1ccccc1)c1ccccc1)c1c(ccc3c1cccc3)P(c1ccccc1)c1ccccc1)cccc2.C(=C(\CC(C)C)/NC(=O)C)/C(=O)OC.OC,87
c1cc2c(c(c1P(c1ccccc1)c1ccccc1)c1c(ccc3c1cccc3)P(c1ccccc1)c1ccccc1)cccc2.C(=C\1/c2c(CCN1C(=O)C)cc(c(c2)OC)OC)\c1ccc(c(c1)OC)OC.OCC,99.5
c1cc2c(c(c1P(c1ccccc1)c1ccccc1)c1c(ccc3c1cccc3)P(c1ccccc1)c1ccccc1)cccc2.C(=C\1/c2c(CCN1C(=O)c1ccccc1)cc(c(c2)OC)OC)\c1ccc(c(c1)OC)OC.OCC,96
c1cc2c(c(c1P(c1ccccc1)c1ccccc1)c1c(ccc3c1cccc3)P(c1ccccc1)c1ccccc1)cccc2.C(=C\1/c2c(CCN1C=O)cc(c(c2)OC)OC)\c1ccc(c(c1)OC)OC.OCC,99.5
c1cc2c(c(c1P(c1ccccc1)c1ccccc1)c1c(ccc3c1cccc3)P(c1ccccc1)c1ccccc1)cccc2.C(=C\1/c2c(CCN1C(=O)C)cc(c(c2)OCc1ccccc1)OCc1ccccc1)\c1cc(c(c(c1)OC)OC)OC.OCC,96
c1cc2c(c(c1P(c1ccccc1)c1ccccc1)c1c(ccc3c1cccc3)P(c1ccccc1)c1ccccc1)cccc2.C(=C\1/c2c(CCN1C(=O)C)cc(c(c2)C(=O)C)C)\c1ccc(c(c1)C(=O)OC)OC.OCC,96
c1cc2c(c(c1P(c1ccccc1)c1ccccc1)c1c(ccc3c1cccc3)P(c1ccccc1)c1ccccc1)cccc2.C=C1c2c(CCN1C(=O)C)cc(c(c2)C)C.OCC,96
c1(cc2c(c(c1OP(c1ccccc1)c1ccccc1)c1c(c(cc3c1cccc3)c1ccccc1)OP(c1ccccc1)c1ccccc1)cccc2)c1ccccc1.C(=C(\NC(=O)C)/c1ccccc1)\C(=O)OC.OCC,98
c1(cc2c(c(c1OP(c1ccccc1)c1ccccc1)c1c(c(cc3c1cccc3)c1cc(cc(c1)C)C)OP(c1ccccc1)c1ccccc1)cccc2)c1cc(cc(c1)C)C.C(=C(\NC(=O)C)/c1ccccc1)\C(=O)OC.OCC,99
c1(cc2c(c(c1OP(c1cc(cc(c1)C)C)c1cc(cc(c1)C)C)c1c(c(cc3c1cccc3)c1ccccc1)OP(c1cc(cc(c1)C)C)c1cc(cc(c1)C)C)cccc2)c1ccccc1.C(=C(\NC(=O)C)/c1ccccc1)\C(=O)OC.OCC,97
c1(cc2c(c(c1OP(c1ccccc1)c1ccccc1)c1c(c(cc3c1cccc3)c1cc(cc(c1)C)C)OP(c1ccccc1)c1ccccc1)cccc2)c1cc(cc(c1)C)C.C(=C(\NC(=O)C)/c1ccc(cc1)F)\C(=O)OC.OCC,99
c1(cc2c(c(c1OP(c1ccccc1)c1ccccc1)c1c(c(cc3c1cccc3)c1cc(cc(c1)C)C)OP(c1ccccc1)c1ccccc1)cccc2)c1cc(cc(c1)C)C.C(=C(\NC(=O)C)/c1ccc(cc1)Cl)\C(=O)OC.OCC,97
c1(cc2c(c(c1OP(c1ccccc1)c1ccccc1)c1c(c(cc3c1cccc3)c1cc(cc(c1)C)C)OP(c1ccccc1)c1ccccc1)cccc2)c1cc(cc(c1)C)C.C(=C(\NC(=O)C)/c1ccc(cc1)Br)\C(=O)OC.OCC,97
c1(cc2c(c(c1OP(c1ccccc1)c1ccccc1)c1c(c(cc3c1cccc3)c1cc(cc(c1)C)C)OP(c1ccccc1)c1ccccc1)cccc2)c1cc(cc(c1)C)C.C(=C(\NC(=O)C)/c1ccc(cc1)C)\C(=O)OC.OCC,99
c1(cc2c(c(c1OP(c1ccccc1)c1ccccc1)c1c(c(cc3c1cccc3)c1cc(cc(c1)C)C)OP(c1ccccc1)c1ccccc1)cccc2)c1cc(cc(c1)C)C.C(=C(\NC(=O)C)/c1ccc(cc1)OC)\C(=O)OC.OCC,99
c1(cc2c(c(c1OP(c1ccccc1)c1ccccc1)c1c(c(cc3c1cccc3)c1cc(cc(c1)C)C)OP(c1ccccc1)c1ccccc1)cccc2)c1cc(cc(c1)C)C.C(=C(\NC(=O)C)/c1ccccc1C)\C(=O)OC.OCC,96
c1(cc2c(c(c1OP(c1ccccc1)c1ccccc1)c1c(c(cc3c1cccc3)c1cc(cc(c1)C)C)OP(c1ccccc1)c1ccccc1)cccc2)c1cc(cc(c1)C)C.C(=C(\NC(=O)C)/c1ccccc1OC)\C(=O)OC.OCC,80
c1(cc2c(c(c1OP(c1ccccc1)c1ccccc1)c1c(c(cc3c1cccc3)c1cc(cc(c1)C)C)OP(c1ccccc1)c1ccccc1)cccc2)c1cc(cc(c1)C)C.C(=C(\NC(=O)C)/c1ccccc1)\C(=O)OCC.OCC,98
c1(cc2c(c(c1OP(c1ccccc1)c1ccccc1)c1c(c(cc3c1cccc3)c1cc(cc(c1)C)C)OP(c1ccccc1)c1ccccc1)cccc2)c1cc(cc(c1)C)C.C(=C(\NC(=O)C)/c1ccc(cc1)F)\C(=O)OCC.OCC,98
c1(cc2c(c(c1OP(c1ccccc1)c1ccccc1)c1c(c(cc3c1cccc3)c1cc(cc(c1)C)C)OP(c1ccccc1)c1ccccc1)cccc2)c1cc(cc(c1)C)C.C(=C(\NC(=O)C)/c1ccc(cc1)Cl)\C(=O)OCC.OCC,95
c1(cc2c(c(c1OP(c1ccccc1)c1ccccc1)c1c(c(cc3c1cccc3)c1cc(cc(c1)C)C)OP(c1ccccc1)c1ccccc1)cccc2)c1cc(cc(c1)C)C.C(=C\C(=O)OCC)(/c1ccc(cc1)Br)\NC(=O)C.OCC,93
c1cc2c(c(c1OP(c1ccccc1)c1ccccc1)c1c(ccc3c1cccc3)OP(c1ccccc1)c1ccccc1)cccc2.C=C(NC(=O)C)C(=O)OC.c1(ccccc1)C,73.2
c1(cc2c(c(c1OP(c1ccccc1)c1ccccc1)c1c(c(cc3c1cccc3)C)OP(c1ccccc1)c1ccccc1)cccc2)C.C=C(NC(=O)C)C(=O)OC.c1(ccccc1)C,94.8
c1(cc2c(c(c1OP(c1ccccc1)c1ccccc1)c1c(c(cc3c1cccc3)c1ccccc1)OP(c1ccccc1)c1ccccc1)cccc2)c1ccccc1.C=C(NC(=O)C)C(=O)OC.c1(ccccc1)C,99.9
c1(cc2c(c(c1OP(c1ccccc1)c1ccccc1)c1c(c(cc3c1cccc3)c1cc(cc(c1)C)C)OP(c1ccccc1)c1ccccc1)cccc2)c1cc(cc(c1)C)C.C=C(NC(=O)C)C(=O)OC.c1(ccccc1)C,95.4
c1(cc2c(c(c1OP(c1cc(cc(c1)C)C)c1cc(cc(c1)C)C)c1c(c(cc3c1cccc3)c1ccccc1)OP(c1cc(cc(c1)C)C)c1cc(cc(c1)C)C)cccc2)c1ccccc1.C=C(NC(=O)C)C(=O)OC.c1(ccccc1)C,93
c1(cc2c(c(c1OP(c1ccccc1)c1ccccc1)c1c(c(cc3c1cccc3)C)OP(c1ccccc1)c1ccccc1)cccc2)C.C(=C)(c1ccccc1)NC(=O)C.O1CCCC1,67.2
c1(cc2c(c(c1OP(c1ccccc1)c1ccccc1)c1c(c(cc3c1cccc3)c1ccccc1)OP(c1ccccc1)c1ccccc1)cccc2)c1ccccc1.C(=C)(c1ccccc1)NC(=O)C.O1CCCC1,94.3
c1(cc2c(c(c1OP(c1ccccc1)c1ccccc1)c1c(c(cc3c1cccc3)c1cc(cc(c1)C)C)OP(c1ccccc1)c1ccccc1)cccc2)c1cc(cc(c1)C)C.C(=C)(c1ccccc1)NC(=O)C.O1CCCC1,89.4
c1(cc2c(c(c1OP(c1cc(cc(c1)C)C)c1cc(cc(c1)C)C)c1c(c(cc3c1cccc3)c1ccccc1)OP(c1cc(cc(c1)C)C)c1cc(cc(c1)C)C)cccc2)c1ccccc1.C(=C)(c1ccccc1)NC(=O)C.O1CCCC1,90.3
c1(cc2c(c(c1OP(c1ccccc1)c1ccccc1)c1c(c(cc3c1cccc3)c1ccccc1)OP(c1ccccc1)c1ccccc1)cccc2)c1ccccc1.C(=C(\NC(=O)C)/C(=O)OC)\c1ccc(cc1)F.c1(ccccc1)C,93.4
c1(cc2c(c(c1OP(c1ccccc1)c1ccccc1)c1c(c(cc3c1cccc3)c1ccccc1)OP(c1ccccc1)c1ccccc1)cccc2)c1ccccc1.C(=C(\NC(=O)C)/C(=O)OC)\c1ccc(cc1)OC.c1(ccccc1)C,87.2
c1(cc2c(c(c1OP(c1ccccc1)c1ccccc1)c1c(c(cc3c1cccc3)c1ccccc1)OP(c1ccccc1)c1ccccc1)cccc2)c1ccccc1.C(=C(\NC(=O)C)/C(=O)OC)\c1cccc(c1)Br.c1(ccccc1)C,92.6
c1(cc2c(c(c1OP(c1ccccc1)c1ccccc1)c1c(c(cc3c1cccc3)c1ccccc1)OP(c1ccccc1)c1ccccc1)cccc2)c1ccccc1.C(=C(\NC(=O)C)/C(=O)OC)\c1c(cccc1)Cl.c1(ccccc1)C,81.5
c1(cc2c(c(c1OP(c1ccccc1)c1ccccc1)c1c(c(cc3c1cccc3)c1ccccc1)OP(c1ccccc1)c1ccccc1)cccc2)c1ccccc1.C(=C(\NC(=O)C)/C(=O)OC)\c1ccc2c(c1)cccc2.c1(ccccc1)C,97.3
c1(cc2c(c(c1OP(c1ccccc1)c1ccccc1)c1c(c(cc3c1cccc3)c1ccccc1)OP(c1ccccc1)c1ccccc1)cccc2)c1ccccc1.C=C(NC(=O)C)c1ccc(cc1)C(F)(F)F.O1CCCC1,95.7
c1(cc2c(c(c1OP(c1ccccc1)c1ccccc1)c1c(c(cc3c1cccc3)c1ccccc1)OP(c1ccccc1)c1ccccc1)cccc2)c1ccccc1.C=C(NC(=O)C)c1cccc(c1)C.O1CCCC1,96.3
c1(cc2c(c(c1OP(c1ccccc1)c1ccccc1)c1c(c(cc3c1cccc3)c1ccccc1)OP(c1ccccc1)c1ccccc1)cccc2)c1ccccc1.C=C(NC(=O)C)c1ccc(cc1)c1ccccc1.O1CCCC1,94.2
c1(cc2c(c(c1OP(c1ccccc1)c1ccccc1)c1c(c(cc3c1cccc3)c1ccccc1)OP(c1ccccc1)c1ccccc1)cccc2)c1ccccc1.C(=C(\C(=O)O)/C)(/CC(=O)OC)\C.O1CCCC1,94.1
c1cc2c(c(c1OP1[C@@H](CC[C@H]1C)C)c1c(ccc3c1cccc3)OP1[C@@H](CC[C@H]1C)C)cccc2.C(=C(\NC(=O)C)/C(=O)OC)\c1ccccc1.ClCCl,74
c1cc2c(c(c1OP1[C@@H](CC[C@H]1C)C)c1c(ccc3c1cccc3)OP1[C@@H](CC[C@H]1C)C)cccc2.C=C(NC(=O)C)C(=O)OC.ClCCl,84
c1cc2c(c(c1OP1[C@@H](CC[C@H]1C)C)c1c(ccc3c1cccc3)OP1[C@@H](CC[C@H]1C)C)cccc2.C=C(NC(=O)C)C(=O)O.OC,21
c1cc2c(c(c1OP1[C@@H](CC[C@H]1C)C)c1c(ccc3c1cccc3)OP1[C@@H](CC[C@H]1C)C)cccc2.C=C(C(F)(F)F)OC(=O)C.ClCCl,67
c1cc2c(c(c1OP1[C@@H](CC[C@H]1C)C)c1c(ccc3c1cccc3)OP1[C@@H](CC[C@H]1C)C)cccc2.C=C(CC(=O)OC)C(=O)OC.OC,37.9
c1cc2c(c(c1OP1[C@@H](CC[C@H]1C)C)c1c(ccc3c1cccc3)OP1[C@@H](CC[C@H]1C)C)cccc2.C=C(CC(=O)OC)C(=O)OC.O(CC)C(=O)C,84.6
c1cc2c(c(c1OP1[C@@H](CC[C@H]1C)C)c1c(ccc3c1cccc3)OP1[C@@H](CC[C@H]1C)C)cccc2.C=C(CC(=O)OC)C(=O)OC.O1CCCC1,90.7
c1cc2c(c(c1OP(c1cc(cc(c1)C)C)c1cc(cc(c1)C)C)c1c(ccc3c1cccc3)OP(c1cc(cc(c1)C)C)c1cc(cc(c1)C)C)cccc2.C(=C(\NC(=O)C)/C(=O)OC)\c1ccccc1.OC,83
c1cc2c(c(c1OP(c1cc(cc(c1)C)C)c1cc(cc(c1)C)C)c1c(ccc3c1cccc3)OP(c1cc(cc(c1)C)C)c1cc(cc(c1)C)C)cccc2.C(=C(\NC(=O)C)/C(=O)OC)\c1ccccc1.OCC,85
c1cc2c(c(c1OP(c1cc(cc(c1)C)C)c1cc(cc(c1)C)C)c1c(ccc3c1cccc3)OP(c1cc(cc(c1)C)C)c1cc(cc(c1)C)C)cccc2.C(=C(\NC(=O)C)/C(=O)OC)\c1ccccc1.O1CCCC1,87
c1cc2c(c(c1OP(c1cc(cc(c1)C)C)c1cc(cc(c1)C)C)c1c(ccc3c1cccc3)OP(c1cc(cc(c1)C)C)c1cc(cc(c1)C)C)cccc2.C(=C(\NC(=O)C)/C(=O)OC)\c1ccccc1.ClCCl,92
c1cc2c(c(c1OP(c1cc(cc(c1)C)C)c1cc(cc(c1)C)C)c1c(ccc3c1cccc3)OP(c1cc(cc(c1)C)C)c1cc(cc(c1)C)C)cccc2.C(=C(\NC(=O)C)/C(=O)OC)\c1ccc(cc1)OC.ClCCl,91
c1cc2c(c(c1OP(c1cc(cc(c1)C)C)c1cc(cc(c1)C)C)c1c(ccc3c1cccc3)OP(c1cc(cc(c1)C)C)c1cc(cc(c1)C)C)cccc2.C(=C(\NC(=O)C)/C(=O)OC)\c1ccc(cc1)C.ClCCl,92
c1cc2c(c(c1OP(c1cc(cc(c1)C)C)c1cc(cc(c1)C)C)c1c(ccc3c1cccc3)OP(c1cc(cc(c1)C)C)c1cc(cc(c1)C)C)cccc2.C(=C(\NC(=O)C)/C(=O)OC)\c1ccc(cc1)OC(=O)C.ClCCl,90
c1cc2c(c(c1OP(c1cc(cc(c1)C)C)c1cc(cc(c1)C)C)c1c(ccc3c1cccc3)OP(c1cc(cc(c1)C)C)c1cc(cc(c1)C)C)cccc2.C(=C(\NC(=O)C)/C(=O)OC)\c1ccc(cc1)Cl.ClCCl,91
c1cc2c(c(c1OP(c1cc(cc(c1)C)C)c1cc(cc(c1)C)C)c1c(ccc3c1cccc3)OP(c1cc(cc(c1)C)C)c1cc(cc(c1)C)C)cccc2.C(=C(\NC(=O)C)/C(=O)OC)\c1ccc(cc1)N(=O)=O.ClCCl,89
c1cc2c(c(c1OP(c1cc(cc(c1)C)C)c1cc(cc(c1)C)C)c1c(ccc3c1cccc3)OP(c1cc(cc(c1)C)C)c1cc(cc(c1)C)C)cccc2.C(=C(\NC(=O)C)/C(=O)OC)\c1c(cccc1)Cl.ClCCl,90
c1cc2c(c(c1OP(c1cc(cc(c1)C)C)c1cc(cc(c1)C)C)c1c(ccc3c1cccc3)OP(c1cc(cc(c1)C)C)c1cc(cc(c1)C)C)cccc2.C(=C(\NC(=O)C)/C(=O)OC)\c1ccco1.ClCCl,89
c1cc2c(c(c1OP(c1cc(cc(c1)C)C)c1cc(cc(c1)C)C)c1c(ccc3c1cccc3)OP(c1cc(cc(c1)C)C)c1cc(cc(c1)C)C)cccc2.C=C(NC(=O)C)C(=O)OC.ClCCl,94
c1cc2c(c(c1OP(c1cc(cc(c1)C)C)c1cc(cc(c1)C)C)c1c(ccc3c1cccc3)OP(c1cc(cc(c1)C)C)c1cc(cc(c1)C)C)cccc2.C=C(NC(=O)C)C(=O)O.OC,86
c1(cc2c(c3-c4c(c(cc5c4cccc5)c4c5ccccc5c5c(c4)C=CC=C5)O[P@@](=O)(Oc13)O)cccc2)c1c2ccccc2c2c(c1)C=CC=C2.C1=C(c2c(cc(cc2OC)OC)NC1(C)C)C.ClCCl,68
c1(cc2c(c3-c4c(c(cc5c4cccc5)c4c5ccccc5c5c(c4)C=CC=C5)O[P@@](=O)(Oc13)O)cccc2)c1c2ccccc2c2c(c1)C=CC=C2.C1=C(c2c(cc(cc2OC)OC)NC1(C)C)C.ClCCl,40
c1(cc2c(c3-c4c(c(cc5c4cccc5)c4c5ccccc5c5c(c4)C=CC=C5)O[P@@](=O)(Oc13)O)cccc2)c1c2ccccc2c2c(c1)C=CC=C2.C1=C(c2c(cc(cc2OC)OC)NC1(C)C)C.c1(ccccc1)C,75
c1(cc2c(c3-c4c(c(cc5c4cccc5)c4c5ccccc5c5c(c4)C=CC=C5)O[P@@](=O)(Oc13)O)cccc2)c1c2ccccc2c2c(c1)C=CC=C2.C1=C(c2c(cc(cc2OC)OC)NC1(C)C)C.O1CCCC1,65
c1(cc2c(c3-c4c(c(cc5c4cccc5)c4c5ccccc5c5c(c4)C=CC=C5)O[P@@](=O)(Oc13)O)cccc2)c1c2ccccc2c2c(c1)C=CC=C2.C1=C(c2c(cc(cc2OC)OC)NC1(C)C)C.O(C(C)(C)C)C,68
c1(cc2c(c3-c4c(c(cc5c4cccc5)c4c5ccccc5c5c(c4)C=CC=C5)O[P@@](=O)(Oc13)O)cccc2)c1c2ccccc2c2c(c1)C=CC=C2.C1=C(c2c(cc(cc2OC)OC)NC1(C)C)C.c1(cc(ccc1)C)C,74
c1(cc2c(c3-c4c(c(cc5c4cccc5)c4c5ccccc5c5c(c4)C=CC=C5)O[P@@](=O)(Oc13)O)cccc2)c1c2ccccc2c2c(c1)C=CC=C2.C1=C(c2c(cc(c(c2OC)OC)OC)NC1(C)C)C.c1(ccccc1)C,90
c1(cc2c(c3-c4c(c(cc5c4cccc5)c4c5ccccc5c5c(c4)C=CC=C5)O[P@@](=O)(Oc13)O)cccc2)c1c2ccccc2c2c(c1)C=CC=C2.C1=C(c2c(cc(c(c2)OC)OC)NC1(C)C)C.c1(ccccc1)C,88
c1(cc2c(c3-c4c(c(cc5c4cccc5)c4c5ccccc5c5c(c4)C=CC=C5)O[P@@](=O)(Oc13)O)cccc2)c1c2ccccc2c2c(c1)C=CC=C2.C1=C(c2c(cc(cc2)OC)NC1(C)C)C.c1(ccccc1)C,86
c1(cc2c(c3-c4c(c(cc5c4cccc5)c4c5ccccc5c5c(c4)C=CC=C5)O[P@@](=O)(Oc13)O)cccc2)c1c2ccccc2c2c(c1)C=CC=C2.C1=C(c2c(cc(cc2)OC(C)C)NC1(C)C)C.c1(ccccc1)C,91
c1(cc2c(c3-c4c(c(cc5c4cccc5)c4c5ccccc5c5c(c4)C=CC=C5)O[P@@](=O)(Oc13)O)cccc2)c1c2ccccc2c2c(c1)C=CC=C2.C1=C(c2c(cc(cc2)OCCCC)NC1(C)C)C.c1(ccccc1)C,90
c1(cc2c(c3-c4c(c(cc5c4cccc5)c4c5ccccc5c5c(c4)C=CC=C5)O[P@@](=O)(Oc13)O)cccc2)c1c2ccccc2c2c(c1)C=CC=C2.C1=C(c2c(cc(cc2)OCc2ccccc2)NC1(C)C)C.c1(ccccc1)C,94
c1(cc2c(c3-c4c(c(cc5c4cccc5)c4c5ccccc5c5c(c4)C=CC=C5)O[P@@](=O)(Oc13)O)cccc2)c1c2ccccc2c2c(c1)C=CC=C2.C1=C(c2c(cc(cc2)OCc2c3ccccc3ccc2)NC1(C)C)C.c1(ccccc1)C,90
c1(cc2c(c3-c4c(c(cc5c4cccc5)c4c5ccccc5c5c(c4)C=CC=C5)O[P@@](=O)(Oc13)O)cccc2)c1c2ccccc2c2c(c1)C=CC=C2.C1=C(c2c(cc(c(c2)F)OC)NC1(C)C)C.c1(ccccc1)C,78
c1(cc2c(c3-c4c(c(cc5c4cccc5)c4c5ccccc5c5c(c4)C=CC=C5)O[P@@](=O)(Oc13)O)cccc2)c1c2ccccc2c2c(c1)C=CC=C2.C1=C(c2c(cc(c(c2)Cl)OC)NC1(C)C)C.c1(ccccc1)C,86
c1(cc2c(c3-c4c(c(cc5c4cccc5)c4c5ccccc5c5c(c4)C=CC=C5)O[P@@](=O)(Oc13)O)cccc2)c1c2ccccc2c2c(c1)C=CC=C2.C1=C(c2c(cc(c(c2)Br)OC)NC1(C)C)C.c1(ccccc1)C,86
c1(cc2c(c3-c4c(c(cc5c4cccc5)c4c5ccccc5c5c(c4)C=CC=C5)O[P@@](=O)(Oc13)O)cccc2)c1c2ccccc2c2c(c1)C=CC=C2.C1=C(c2c(c3c(cc2)cccc3)NC1(C)C)C.c1(ccccc1)C,65
c1(cc2c(c3-c4c(c(cc5c4cccc5)c4c5ccccc5c5c(c4)C=CC=C5)O[P@@](=O)(Oc13)O)cccc2)c1c2ccccc2c2c(c1)C=CC=C2.C1=C(c2c(c3c(cc2)ccc(c3)OC)NC1(C)C)C.c1(ccccc1)C,92
c1(cc2c(c3-c4c(c(cc5c4cccc5)[Si](c4ccccc4)(c4ccccc4)c4ccccc4)OP(=O)(Oc13)O)cccc2)[Si](c1ccccc1)(c1ccccc1)c1ccccc1.C(=C)(c1c(cc(cc1)OC)O)c1ccccc1.ClCCl,98
c1(cc2c(c3-c4c(c(cc5c4cccc5)c4c(cc(cc4C(C)C)C(C)C)C(C)C)OP(=O)(Oc13)O)cccc2)c1c(cc(cc1C(C)C)C(C)C)C(C)C.C(=C)(c1c(cc(cc1)OC)O)c1ccccc1.ClCCl,68
c1(cc2c(c3-c4c(c(cc5c4cccc5)c4c5ccccc5cc5c4C=CC=C5)O[P@@](=O)(Oc13)O)cccc2)c1c2ccccc2cc2c1C=CC=C2.C(=C)(c1c(cc(cc1)OC)O)c1ccccc1.ClCCl,82
c1(cc2c(c3-c4c(c(cc5c4cccc5)[Si](c4ccccc4)(c4ccccc4)c4ccccc4)OP(=O)(Oc13)O)cccc2)[Si](c1ccccc1)(c1ccccc1)c1ccccc1.C(=C)(c1c(cc(cc1)OC)O)c1ccccc1.ClC(Cl)Cl,95
c1(cc2c(c3-c4c(c(cc5c4cccc5)[Si](c4ccccc4)(c4ccccc4)c4ccccc4)OP(=O)(Oc13)O)cccc2)[Si](c1ccccc1)(c1ccccc1)c1ccccc1.C(=C)(c1c(cc(cc1)OC)O)c1ccccc1.O1CCCC1,98
c1(cc2c(c3-c4c(c(cc5c4cccc5)[Si](c4ccccc4)(c4ccccc4)c4ccccc4)OP(=O)(Oc13)O)cccc2)[Si](c1ccccc1)(c1ccccc1)c1ccccc1.C(=C)(c1c(cc(cc1)OC)O)c1ccccc1.O(CC)C(=O)C,98
c1(cc2c(c3-c4c(c(cc5c4cccc5)[Si](c4ccccc4)(c4ccccc4)c4ccccc4)OP(=O)(Oc13)O)cccc2)[Si](c1ccccc1)(c1ccccc1)c1ccccc1.C(=C)(c1c(cc(cc1)OC)O)c1ccccc1.c1(ccccc1)C,95
c1(cc2c(c3-c4c(c(cc5c4cccc5)[Si](c4ccccc4)(c4ccccc4)c4ccccc4)OP(=O)(Oc13)O)cccc2)[Si](c1ccccc1)(c1ccccc1)c1ccccc1.C(=C)(c1c(cc(cc1)OC)O[Si](C)(C)C)c1ccccc1.ClCCl,98
c1(cc2c(c3-c4c(c(cc5c4cccc5)[Si](c4ccccc4)(c4ccccc4)c4ccccc4)OP(=O)(Oc13)O)cccc2)[Si](c1ccccc1)(c1ccccc1)c1ccccc1.C(=C)(c1c(cc(cc1)OCc1ccccc1)O[Si](C)(C)C)c1ccccc1.ClCCl,98
c1(cc2c(c3-c4c(c(cc5c4cccc5)[Si](c4ccccc4)(c4ccccc4)c4ccccc4)OP(=O)(Oc13)O)cccc2)[Si](c1ccccc1)(c1ccccc1)c1ccccc1.C(=C)(c1c(cc(cc1)OCC=C)O[Si](C)(C)C)c1ccccc1.ClCCl,98
c1(cc2c(c3-c4c(c(cc5c4cccc5)[Si](c4ccccc4)(c4ccccc4)c4ccccc4)OP(=O)(Oc13)O)cccc2)[Si](c1ccccc1)(c1ccccc1)c1ccccc1.C(=C)(c1c(cc(cc1)OCC#C)O[Si](C)(C)C)c1ccccc1.ClCCl,99
c1(cc2c(c3-c4c(c(cc5c4cccc5)[Si](c4ccccc4)(c4ccccc4)c4ccccc4)OP(=O)(Oc13)O)cccc2)[Si](c1ccccc1)(c1ccccc1)c1ccccc1.C(=C)(c1c(cc2c(c1)OCO2)O[Si](C)(C)C)c1ccccc1.ClCCl,97
c1(cc2c(c3-c4c(c(cc5c4cccc5)[Si](c4ccccc4)(c4ccccc4)c4ccccc4)OP(=O)(Oc13)O)cccc2)[Si](c1ccccc1)(c1ccccc1)c1ccccc1.C(=C)(c1c(cc(cc1)O[Si](C(C)(C)C)(C)C)O)c1ccccc1.ClCCl,99
c1(cc2c(c3-c4c(c(cc5c4cccc5)[Si](c4ccccc4)(c4ccccc4)c4ccccc4)OP(=O)(Oc13)O)cccc2)[Si](c1ccccc1)(c1ccccc1)c1ccccc1.C(=C)(c1ccc(cc1O)OC)c1ccc(cc1)OC.ClCCl,96
c1(cc2c(c3-c4c(c(cc5c4cccc5)[Si](c4ccccc4)(c4ccccc4)c4ccccc4)OP(=O)(Oc13)O)cccc2)[Si](c1ccccc1)(c1ccccc1)c1ccccc1.C(=C)(c1ccc(cc1O)OC)c1ccc(cc1)SC.ClCCl,98
c1(cc2c(c3-c4c(c(cc5c4cccc5)[Si](c4ccccc4)(c4ccccc4)c4ccccc4)OP(=O)(Oc13)O)cccc2)[Si](c1ccccc1)(c1ccccc1)c1ccccc1.C(=C)(c1ccc(cc1O[Si](C)(C)C)OC)c1ccc(cc1)OC.ClCCl,98
c1(cc2c(c3-c4c(c(cc5c4cccc5)[Si](c4ccccc4)(c4ccccc4)c4ccccc4)OP(=O)(Oc13)O)cccc2)[Si](c1ccccc1)(c1ccccc1)c1ccccc1.C(=C)(c1ccc(cc1O[Si](C)(C)C)OC)c1ccc(cc1)C=C.ClCCl,98
c1(cc2c(c3-c4c(c(cc5c4cccc5)[Si](c4ccccc4)(c4ccccc4)c4ccccc4)OP(=O)(Oc13)O)cccc2)[Si](c1ccccc1)(c1ccccc1)c1ccccc1.C(=C)(c1ccc(cc1O[Si](C)(C)C)OC)c1ccc(cc1)c1ccccc1.ClCCl,98
c1(cc2c(c3-c4c(c(cc5c4cccc5)[Si](c4ccccc4)(c4ccccc4)c4ccccc4)OP(=O)(Oc13)O)cccc2)[Si](c1ccccc1)(c1ccccc1)c1ccccc1.C(=C)(c1ccc(cc1O[Si](C)(C)C)OC)c1ccc(cc1)F.ClCCl,97
c1(cc2c(c3-c4c(c(cc5c4cccc5)[Si](c4ccccc4)(c4ccccc4)c4ccccc4)OP(=O)(Oc13)O)cccc2)[Si](c1ccccc1)(c1ccccc1)c1ccccc1.C(=C)(c1ccc(cc1O[Si](C)(C)C)OC)c1c2ccccc2ccc1.ClCCl,75
c1(cc2c(c3-c4c(c(cc5c4cccc5)[Si](c4ccccc4)(c4ccccc4)c4ccccc4)OP(=O)(Oc13)O)cccc2)[Si](c1ccccc1)(c1ccccc1)c1ccccc1.C(=C)(c1ccccc1O[Si](C)(C)C)c1ccc(cc1)OC.ClCCl,80
c1(cc2c(c3-c4c(c(cc5c4cccc5)c4c5ccccc5cc5c4C=CC=C5)O[P@@](=O)(Oc13)O)cccc2)c1c2ccccc2cc2c1C=CC=C2.C(=C)(c1ccccc1)NC(=O)C.c1(ccccc1)C,91
c1(cc2c(c3-c4c(c(cc5c4cccc5)c4c5ccccc5cc5c4C=CC=C5)O[P@@](=O)(Oc13)O)cccc2)c1c2ccccc2cc2c1C=CC=C2.C(=C)(c1ccc(cc1)C)NC(=O)C.c1(ccccc1)C,91
c1(cc2c(c3-c4c(c(cc5c4cccc5)c4c5ccccc5cc5c4C=CC=C5)O[P@@](=O)(Oc13)O)cccc2)c1c2ccccc2cc2c1C=CC=C2.C(=C)(c1ccc(cc1)Cl)NC(=O)C.c1(ccccc1)C,92
c1(cc2c(c3-c4c(c(cc5c4cccc5)c4c5ccccc5cc5c4C=CC=C5)O[P@@](=O)(Oc13)O)cccc2)c1c2ccccc2cc2c1C=CC=C2.C(=C)(c1ccc(cc1)F)NC(=O)C.c1(ccccc1)C,90
c1(cc2c(c3-c4c(c(cc5c4cccc5)c4c5ccccc5cc5c4C=CC=C5)O[P@@](=O)(Oc13)O)cccc2)c1c2ccccc2cc2c1C=CC=C2.C=C(NC(=O)C)c1ccc(cc1)C(F)(F)F.c1(ccccc1)C,87
c1(cc2c(c3-c4c(c(cc5c4cccc5)c4c5ccccc5cc5c4C=CC=C5)O[P@@](=O)(Oc13)O)cccc2)c1c2ccccc2cc2c1C=CC=C2.C(=C)(c1ccc(cc1)OC)NC(=O)C.c1(ccccc1)C,95
c1(cc2c(c3-c4c(c(cc5c4cccc5)c4c5ccccc5cc5c4C=CC=C5)O[P@@](=O)(Oc13)O)cccc2)c1c2ccccc2cc2c1C=CC=C2.C(=C)(c1cc(ccc1)OC)NC(=O)C.c1(ccccc1)C,74
c1(cc2c(c3-c4c(c(cc5c4cccc5)c4c5ccccc5cc5c4C=CC=C5)O[P@@](=O)(Oc13)O)cccc2)c1c2ccccc2cc2c1C=CC=C2.C(=C)(NC(=O)C)c1c2ccccc2ccc1.c1(ccccc1)C,89
c1(cc2c(c3-c4c(c(cc5c4cccc5)c4c5ccccc5cc5c4C=CC=C5)O[P@@](=O)(Oc13)O)cccc2)c1c2ccccc2cc2c1C=CC=C2.C(=C)(c1cc2c(cc1)cccc2)NC(=O)C.c1(ccccc1)C,94
c1(cc2c(c3-c4c(c(cc5c4cccc5)c4c5ccccc5ccc4)OP(=O)(Oc13)O)cccc2)c1c2ccccc2ccc1.C(=N\c1ccc(cc1)OC)(/c1cc2ccccc2cc1)\C.ClCCl,44
c1(cc2c(c3-c4c(c(cc5c4cccc5)c4cc5c(cc4)C=CC=C5)O[P@@](=O)(Oc13)O)cccc2)c1cc2c(cc1)C=CC=C2.C(=N\c1ccc(cc1)OC)(/c1cc2ccccc2cc1)\C.ClCCl,40
c1(cc2c(c3-c4c(c(cc5c4cccc5)c4ccc(cc4)c4ccccc4)OP(=O)(Oc13)O)cccc2)c1ccc(cc1)c1ccccc1.C(=N\c1ccc(cc1)OC)(/c1cc2ccccc2cc1)\C.ClCCl,48
c1(cc2c(c3-c4c(c(cc5c4cccc5)c4cc(cc(c4)C(F)(F)F)C(F)(F)F)OP(=O)(Oc13)O)cccc2)c1cc(cc(c1)C(F)(F)F)C(F)(F)F.C(=N\c1ccc(cc1)OC)(/c1cc2ccccc2cc1)\C.ClCCl,62
c1(cc2c(c3-c4c(c(cc5c4cccc5)c4cc(cc(c4)C(F)(F)F)C(F)(F)F)OP(=O)(Oc13)O)cccc2)c1cc(cc(c1)C(F)(F)F)C(F)(F)F.C(=N\c1ccc(cc1)OC)(/c1cc2ccccc2cc1)\C.ClC(Cl)Cl,50
c1(cc2c(c3-c4c(c(cc5c4cccc5)c4cc(cc(c4)C(F)(F)F)C(F)(F)F)OP(=O)(Oc13)O)cccc2)c1cc(cc(c1)C(F)(F)F)C(F)(F)F.C(=N\c1ccc(cc1)OC)(/c1cc2ccccc2cc1)\C.c1(ccccc1)C,70
c1(cc2c(c3-c4c(c(cc5c4cccc5)c4cc(cc(c4)C(F)(F)F)C(F)(F)F)OP(=O)(Oc13)O)cccc2)c1cc(cc(c1)C(F)(F)F)C(F)(F)F.C(=N\c1ccc(cc1)OC)(/c1cc2ccccc2cc1)\C.c1ccccc1,70
c1(cc2c(c3-c4c(c(cc5c4cccc5)c4cc(cc(c4)C(F)(F)F)C(F)(F)F)OP(=O)(Oc13)O)cccc2)c1cc(cc(c1)C(F)(F)F)C(F)(F)F.C(=N\c1ccccc1)(/c1cc2ccccc2cc1)\C.c1ccccc1,68
c1(cc2c(c3-c4c(c(cc5c4cccc5)c4cc(cc(c4)C(F)(F)F)C(F)(F)F)OP(=O)(Oc13)O)cccc2)c1cc(cc(c1)C(F)(F)F)C(F)(F)F.C(=N\c1ccccc1)(/c1ccc(cc1)C(F)(F)F)\C.c1ccccc1,70
c1(cc2c(c3-c4c(c(cc5c4cccc5)c4cc(cc(c4)C(F)(F)F)C(F)(F)F)OP(=O)(Oc13)O)cccc2)c1cc(cc(c1)C(F)(F)F)C(F)(F)F.C(=N\c1ccc(cc1)OC)(/c1ccc(cc1)C(F)(F)F)\C.c1ccccc1,72
c1(cc2c(c3-c4c(c(cc5c4cccc5)c4cc(cc(c4)C(F)(F)F)C(F)(F)F)OP(=O)(Oc13)O)cccc2)c1cc(cc(c1)C(F)(F)F)C(F)(F)F.C(=N\c1ccc(cc1)OC)(/c1ccccc1)\C.c1ccccc1,74
c1(cc2c(c3-c4c(c(cc5c4cccc5)c4cc(cc(c4)C(F)(F)F)C(F)(F)F)OP(=O)(Oc13)O)cccc2)c1cc(cc(c1)C(F)(F)F)C(F)(F)F.C(=N\c1ccccc1)(/c1ccccc1)\C.c1ccccc1,72
c1(cc2c(c3-c4c(c(cc5c4cccc5)c4cc(cc(c4)C(F)(F)F)C(F)(F)F)OP(=O)(Oc13)O)cccc2)c1cc(cc(c1)C(F)(F)F)C(F)(F)F.C(=N\c1ccc(cc1)OC)(/c1ccccc1F)\C.c1ccccc1,84
c1(cc2c(c3-c4c(c(cc5c4cccc5)c4cc(cc(c4)C(F)(F)F)C(F)(F)F)OP(=O)(Oc13)O)cccc2)c1cc(cc(c1)C(F)(F)F)C(F)(F)F.C(=N\c1ccc(cc1)OC)(/c1ccccc1C)\C.c1ccccc1,78
c1(cc2c(c3-c4c(c(cc5c4cccc5)c4cc(cc(c4)C(F)(F)F)C(F)(F)F)OP(=O)(Oc13)O)cccc2)c1cc(cc(c1)C(F)(F)F)C(F)(F)F.C(=N\c1ccc(cc1)OC)(/c1ccc(cc1C)C)\C.c1ccccc1,78
c1(cc2c(c3-c4c(c(cc5c4cccc5)c4cc(cc(c4)C(F)(F)F)C(F)(F)F)OP(=O)(Oc13)O)cccc2)c1cc(cc(c1)C(F)(F)F)C(F)(F)F.C(=N\c1ccc(cc1)OC)(/c1ccc(cc1)c1ccccc1)\C.c1ccccc1,74
c1(cc2c(c3-c4c(c(cc5c4cccc5)c4cc(cc(c4)C(F)(F)F)C(F)(F)F)OP(=O)(Oc13)O)cccc2)c1cc(cc(c1)C(F)(F)F)C(F)(F)F.C(=N\c1ccc(cc1)OC)(/c1ccc(cc1)OC)\C.c1ccccc1,72
c1(cc2c(c3-c4c(c(cc5c4cccc5)c4cc(cc(c4)C(F)(F)F)C(F)(F)F)OP(=O)(Oc13)O)cccc2)c1cc(cc(c1)C(F)(F)F)C(F)(F)F.C(=N\c1ccc(cc1)OC)(/c1cccc(c1)Br)\C.c1ccccc1,72
c1(cc2c(c3-c4c(c(cc5c4cccc5)c4cc(cc(c4)C(F)(F)F)C(F)(F)F)OP(=O)(Oc13)O)cccc2)c1cc(cc(c1)C(F)(F)F)C(F)(F)F.C(=N\c1ccc(cc1)OC)(/c1ccccc1C(F)(F)F)\C.c1ccccc1,82
c1(cc2c(c3-c4c(c(cc5c4cccc5)c4ccccc4)OP(=O)(Oc13)O)cccc2)c1ccccc1.C(=N\c1ccc(cc1)OC)(/c1ccccc1)\C.ClCCl,40
c1(cc2c(c3-c4c(c(cc5c4cccc5)c4cc5c(cc4)C=CC=C5)O[P@@](=O)(Oc13)O)cccc2)c1cc2c(cc1)C=CC=C2.C(=N\c1ccc(cc1)OC)(/c1ccccc1)\C.ClCCl,44
c1(cc2c(c3-c4c(c(cc5c4cccc5)c4ccc(cc4)c4ccccc4)OP(=O)(Oc13)O)cccc2)c1ccc(cc1)c1ccccc1.C(=N\c1ccc(cc1)OC)(/c1ccccc1)\C.ClCCl,51
c1(cc2c(c3-c4c(c(cc5c4cccc5)c4ccc(cc4)c4c(cc(cc4C)C)C)OP(=O)(Oc13)O)cccc2)c1ccc(cc1)c1c(cc(cc1C)C)C.C(=N\c1ccc(cc1)OC)(/c1ccccc1)\C.ClCCl,32
c1(cc2c(c3-c4c(c(cc5c4cccc5)c4c(cccc4C)C)OP(=O)(Oc13)O)cccc2)c1c(cccc1C)C.C(=N\c1ccc(cc1)OC)(/c1ccccc1)\C.ClCCl,65
c1(cc2c(c3-c4c(c(cc5c4cccc5)c4c(cc(cc4C(C)C)C(C)C)C(C)C)OP(=O)(Oc13)O)cccc2)c1c(cc(cc1C(C)C)C(C)C)C(C)C.C(=N\c1ccc(cc1)OC)(/c1ccccc1)\C.ClCCl,81
c1(cc2c(c3-c4c(c(cc5c4cccc5)c4c(cc(cc4C(C)C)C(C)C)C(C)C)OP(=O)(Oc13)O)cccc2)c1c(cc(cc1C(C)C)C(C)C)C(C)C.C(=N\c1ccc(cc1)OC)(/c1ccccc1F)\C.c1(ccccc1)C,85
c1(cc2c(c3-c4c(c(cc5c4cccc5)c4c(cc(cc4C(C)C)C(C)C)C(C)C)OP(=O)(Oc13)O)cccc2)c1c(cc(cc1C(C)C)C(C)C)C(C)C.C(=N\c1ccc(cc1)OC)(/c1ccccc1OC)\C.c1(ccccc1)C,80
c1(cc2c(c3-c4c(c(cc5c4cccc5)c4c(cc(cc4C(C)C)C(C)C)C(C)C)OP(=O)(Oc13)O)cccc2)c1c(cc(cc1C(C)C)C(C)C)C(C)C.C(=N\c1ccc(cc1)OC)(/c1ccccc1C)\C.c1(ccccc1)C,93
c1(cc2c(c3-c4c(c(cc5c4cccc5)c4c(cc(cc4C(C)C)C(C)C)C(C)C)OP(=O)(Oc13)O)cccc2)c1c(cc(cc1C(C)C)C(C)C)C(C)C.C(=N\c1ccc(cc1)OC)(/c1ccc(cc1C)C)\C.c1(ccccc1)C,92
c1(cc2c(c3-c4c(c(cc5c4cccc5)c4c(cc(cc4C(C)C)C(C)C)C(C)C)OP(=O)(Oc13)O)cccc2)c1c(cc(cc1C(C)C)C(C)C)C(C)C.C(=N\c1ccc(cc1)OC)(/c1ccc(cc1)C)\C.c1(ccccc1)C,88
c1(cc2c(c3-c4c(c(cc5c4cccc5)c4c(cc(cc4C(C)C)C(C)C)C(C)C)OP(=O)(Oc13)O)cccc2)c1c(cc(cc1C(C)C)C(C)C)C(C)C.C(=N\c1ccc(cc1)OC)(/c1ccc(cc1)N(=O)=O)\C.c1(ccccc1)C,80
c1(cc2c(c3-c4c(c(cc5c4cccc5)c4c(cc(cc4C(C)C)C(C)C)C(C)C)OP(=O)(Oc13)O)cccc2)c1c(cc(cc1C(C)C)C(C)C)C(C)C.C(=N\c1ccc(cc1)OC)(/c1cc(c(cc1)OC)OC)\C.c1(ccccc1)C,89
c1(cc2c(c3-c4c(c(cc5c4cccc5)c4c(cc(cc4C(C)C)C(C)C)C(C)C)OP(=O)(Oc13)O)cccc2)c1c(cc(cc1C(C)C)C(C)C)C(C)C.C(=N\c1ccc(cc1)OC)(/c1ccc(cc1)C#N)\C.c1(ccccc1)C,80
c1(cc2c(c3-c4c(c(cc5c4cccc5)c4c(cc(cc4C(C)C)C(C)C)C(C)C)OP(=O)(Oc13)O)cccc2)c1c(cc(cc1C(C)C)C(C)C)C(C)C.C(=N\c1ccc(cc1)OC)(/c1cc2ccccc2cc1)\C.c1(ccccc1)C,84
c1(cc2c(c3-c4c(c(cc5c4cccc5)c4c(cc(cc4C(C)C)C(C)C)C(C)C)OP(=O)(Oc13)O)cccc2)c1c(cc(cc1C(C)C)C(C)C)C(C)C.C(=N\c1ccc(cc1)OC)(/c1ccccc1)\C.c1(ccccc1)C,88
c1(cc2c(c3-c4c(c(cc5c4cccc5)c4c(cc(cc4C(C)C)C(C)C)C(C)C)OP(=O)(Oc13)O)cccc2)c1c(cc(cc1C(C)C)C(C)C)C(C)C.C(=N\c1ccc(cc1)OC)(/C(C)C)\C.c1(ccccc1)C,90
c1(cc2c(c3-c4c(c(cc5c4cccc5)c4cc(cc(c4)C(F)(F)F)C(F)(F)F)OP(=O)(Oc13)O)cccc2)c1cc(cc(c1)C(F)(F)F)C(F)(F)F.C(=N)(c1ccccc1O)c1ccccc1.c1ccccc1,56
c1(cc2c(c3-c4c(c(cc5c4cccc5)[Si](c4ccccc4)(c4ccccc4)c4ccccc4)OP(=O)(Oc13)O)cccc2)[Si](c1ccccc1)(c1ccccc1)c1ccccc1.C(=N)(c1ccccc1O)c1ccccc1.c1ccccc1,96
c1(cc2c(c3-c4c(c(cc5c4cccc5)[Si](c4ccccc4)(c4ccccc4)c4ccccc4)OP(=O)(Oc13)O)cccc2)[Si](c1ccccc1)(c1ccccc1)c1ccccc1.C(=N)(c1ccccc1O)c1ccccc1.O=C(C)C,87
c1(cc2c(c3-c4c(c(cc5c4cccc5)[Si](c4ccccc4)(c4ccccc4)c4ccccc4)OP(=O)(Oc13)O)cccc2)[Si](c1ccccc1)(c1ccccc1)c1ccccc1.C(=N)(c1ccccc1O)c1ccccc1.N#CC,94
c1(cc2c(c3-c4c(c(cc5c4cccc5)[Si](c4ccccc4)(c4ccccc4)c4ccccc4)OP(=O)(Oc13)O)cccc2)[Si](c1ccccc1)(c1ccccc1)c1ccccc1.C(=N)(c1ccccc1O)c1ccccc1.ClCCl,80
c1(cc2c(c3-c4c(c(cc5c4cccc5)[Si](c4ccccc4)(c4ccccc4)c4ccccc4)OP(=O)(Oc13)O)cccc2)[Si](c1ccccc1)(c1ccccc1)c1ccccc1.C(=N)(c1ccccc1O)c1ccccc1.O1CCCC1,90
c1(cc2c(c3-c4c(c(cc5c4cccc5)[Si](c4ccccc4)(c4ccccc4)c4ccccc4)OP(=O)(Oc13)O)cccc2)[Si](c1ccccc1)(c1ccccc1)c1ccccc1.C(=N)(c1ccccc1O)c1ccccc1.c1(ccccc1)C,90
c1(cc2c(c3-c4c(c(cc5c4cccc5)[Si](c4ccccc4)(c4ccccc4)c4ccccc4)OP(=O)(Oc13)O)cccc2)[Si](c1ccccc1)(c1ccccc1)c1ccccc1.C(=N)(c1ccccc1O)c1ccc(cc1)C.c1ccccc1,91
c1(cc2c(c3-c4c(c(cc5c4cccc5)[Si](c4ccccc4)(c4ccccc4)c4ccccc4)OP(=O)(Oc13)O)cccc2)[Si](c1ccccc1)(c1ccccc1)c1ccccc1.C(=N)(c1ccccc1O)c1ccc(cc1)c1ccccc1.c1ccccc1,97
c1(cc2c(c3-c4c(c(cc5c4cccc5)[Si](c4ccccc4)(c4ccccc4)c4ccccc4)OP(=O)(Oc13)O)cccc2)[Si](c1ccccc1)(c1ccccc1)c1ccccc1.C(=N)(c1ccccc1O)c1ccc(cc1)Cl.c1ccccc1,93
c1(cc2c(c3-c4c(c(cc5c4cccc5)[Si](c4ccccc4)(c4ccccc4)c4ccccc4)OP(=O)(Oc13)O)cccc2)[Si](c1ccccc1)(c1ccccc1)c1ccccc1.C(=N)(c1ccccc1O)c1ccc(cc1)Oc1ccccc1.c1ccccc1,93
c1(cc2c(c3-c4c(c(cc5c4cccc5)[Si](c4ccccc4)(c4ccccc4)c4ccccc4)OP(=O)(Oc13)O)cccc2)[Si](c1ccccc1)(c1ccccc1)c1ccccc1.C(=N)(c1ccccc1O)c1ccc(cc1)N(=O)=O.c1ccccc1,93
c1(cc2c(c3-c4c(c(cc5c4cccc5)[Si](c4ccccc4)(c4ccccc4)c4ccccc4)OP(=O)(Oc13)O)cccc2)[Si](c1ccccc1)(c1ccccc1)c1ccccc1.C(=N)(c1ccccc1O)c1ccc(cc1)C(=O)OC.c1ccccc1,98
c1(cc2c(c3-c4c(c(cc5c4cccc5)[Si](c4ccccc4)(c4ccccc4)c4ccccc4)OP(=O)(Oc13)O)cccc2)[Si](c1ccccc1)(c1ccccc1)c1ccccc1.C(=N)(c1ccccc1O)c1cccc(c1)C.c1ccccc1,92
c1(cc2c(c3-c4c(c(cc5c4cccc5)[Si](c4ccccc4)(c4ccccc4)c4ccccc4)OP(=O)(Oc13)O)cccc2)[Si](c1ccccc1)(c1ccccc1)c1ccccc1.C(=N)(c1ccccc1O)c1cccc(c1)OC.c1ccccc1,90
c1(cc2c(c3-c4c(c(cc5c4cccc5)[Si](c4ccccc4)(c4ccccc4)c4ccccc4)OP(=O)(Oc13)O)cccc2)[Si](c1ccccc1)(c1ccccc1)c1ccccc1.C(=N)(c1ccccc1O)c1cccc(c1)N(=O)=O.c1ccccc1,92
c1(cc2c(c3-c4c(c(cc5c4cccc5)[Si](c4ccccc4)(c4ccccc4)c4ccccc4)OP(=O)(Oc13)O)cccc2)[Si](c1ccccc1)(c1ccccc1)c1ccccc1.C(=N)(c1ccccc1O)c1ccccc1F.c1ccccc1,91
c1(cc2c(c3-c4c(c(cc5c4cccc5)[Si](c4ccccc4)(c4ccccc4)c4ccccc4)OP(=O)(Oc13)O)cccc2)[Si](c1ccccc1)(c1ccccc1)c1ccccc1.C(=N)(c1cccc(c1O)C)c1ccccc1.c1ccccc1,92
c1(cc2c(c3-c4c(c(cc5c4cccc5)[Si](c4ccccc4)(c4ccccc4)c4ccccc4)OP(=O)(Oc13)O)cccc2)[Si](c1ccccc1)(c1ccccc1)c1ccccc1.C(=N)(c1ccc(cc1O)C)c1ccccc1.c1ccccc1,98
c1(cc2c(c3-c4c(c(cc5c4cccc5)[Si](c4ccccc4)(c4ccccc4)c4ccccc4)OP(=O)(Oc13)O)cccc2)[Si](c1ccccc1)(c1ccccc1)c1ccccc1.C(=N)(c1ccc(cc1O)c1ccccc1)c1ccccc1.c1ccccc1,99
c1(cc2c(c3-c4c(c(cc5c4cccc5)[Si](c4ccccc4)(c4ccccc4)c4ccccc4)OP(=O)(Oc13)O)cccc2)[Si](c1ccccc1)(c1ccccc1)c1ccccc1.C(=N)(c1ccc(cc1O)F)c1ccccc1.c1ccccc1,99
c1(cc2c(c3-c4c(c(cc5c4cccc5)[Si](c4ccccc4)(c4ccccc4)c4ccccc4)OP(=O)(Oc13)O)cccc2)[Si](c1ccccc1)(c1ccccc1)c1ccccc1.C(=N)(c1cc(ccc1O)C)c1ccccc1.c1ccccc1,88
c1(cc2c(c3-c4c(c(cc5c4cccc5)[Si](c4ccccc4)(c4ccccc4)c4ccccc4)OP(=O)(Oc13)O)cccc2)[Si](c1ccccc1)(c1ccccc1)c1ccccc1.C(=N)(c1ccccc1)c1c(ccc(c1)c1ccccc1)O.c1ccccc1,93
c1(cc2c(c3-c4c(c(cc5c4cccc5)[Si](c4ccccc4)(c4ccccc4)c4ccccc4)OP(=O)(Oc13)O)cccc2)[Si](c1ccccc1)(c1ccccc1)c1ccccc1.C(=N)(c1cc(ccc1O)Br)c1ccccc1.c1ccccc1,96
c1(cc2c(c3-c4c(c(cc5c4cccc5)[Si](c4ccccc4)(c4ccccc4)c4ccccc4)OP(=O)(Oc13)O)cccc2)[Si](c1ccccc1)(c1ccccc1)c1ccccc1.C(=N)(c1cc(ccc1O)OC)c1ccccc1.c1ccccc1,90
c1(cc2c(c3-c4c(c(cc5c4cccc5)[Si](c4ccccc4)(c4ccccc4)c4ccccc4)OP(=O)(Oc13)O)cccc2)[Si](c1ccccc1)(c1ccccc1)c1ccccc1.C(=N)(c1cc(ccc1O)N(=O)=O)c1ccccc1.c1ccccc1,99
c1(cc2c(c3-c4c(c(cc5c4cccc5)[Si](c4ccccc4)(c4ccccc4)c4ccccc4)OP(=O)(Oc13)O)cccc2)[Si](c1ccccc1)(c1ccccc1)c1ccccc1.C(=N)(c1cc(ccc1O)C(=O)c1ccccc1)c1ccccc1.c1ccccc1,93
c1(cc2c(c3-c4c(c(cc5c4cccc5)[Si](c4ccccc4)(c4ccccc4)c4ccccc4)OP(=O)(Oc13)O)cccc2)[Si](c1ccccc1)(c1ccccc1)c1ccccc1.C(=N)(c1ccc(cc1O)C)c1ccc(cc1)Cl.c1ccccc1,96
c1(cc2c(c3-c4c(c(cc5c4cccc5)[Si](c4ccccc4)(c4ccccc4)c4ccccc4)OP(=O)(Oc13)O)cccc2)[Si](c1ccccc1)(c1ccccc1)c1ccccc1.C(=N)(c1cc(ccc1O)C)c1ccc(cc1)c1ccccc1.c1ccccc1,98
c1(cc2c(c3-c4c(c(cc5c4cccc5)[Si](c4ccccc4)(c4ccccc4)c4ccccc4)OP(=O)(Oc13)O)cccc2)[Si](c1ccccc1)(c1ccccc1)c1ccccc1.C(=N)(c1cc(ccc1O)Br)c1cccc(c1)C.c1ccccc1,93
c1(cc2c(c3-c4c(c(cc5c4cccc5)[Si](c4ccccc4)(c4ccccc4)c4ccccc4)OP(=O)(Oc13)O)cccc2)[Si](c1ccccc1)(c1ccccc1)c1ccccc1.C(=N)(c1ccccc1O)c1cc2c(cc1)cccc2.c1ccccc1,99
